login,2024-05-18 21:31:50,User01
login,2024-05-18 21:36:53,User01
login,2024-05-18 21:37:08,User01
login,2024-05-18 21:55:07,User01
login,2024-05-18 21:55:27,User01
login,2024-05-18 21:58:25,User01
login,2024-05-18 21:58:46,User01
login,2024-05-18 22:03:38,User01
login,2024-05-18 22:03:52,User01
login,2024-05-18 22:05:30,Admin001
login,2024-05-18 22:08:30,User01
login,2024-05-18 22:10:13,User01
login,2024-05-18 22:11:50,User01
login,2024-05-18 22:12:12,User01
login,2024-05-18 22:18:50,User01
login,2024-05-18 22:20:53,User01
login,2024-05-18 22:36:05,User01
login,2024-05-18 22:36:40,User10
login,2024-05-18 22:37:02,User10
login,2024-05-18 22:40:46,User10
login,2024-05-18 22:43:11,User01
login,2024-05-18 22:47:32,User01
login,2024-05-18 22:47:46,User10
login,2024-05-18 22:47:54,User10
login,2024-05-18 22:49:21,User10
login,2024-05-18 22:50:09,User10
